config,outdir,hostSeconds_total,hostSeconds_ROI,simSeconds_total,simSeconds_ROI,simInsts,cycles,IPC,CPI,L1I_accesses,L1I_misses,L1I_MPKI,L1D_accesses,L1D_misses,L1D_MPKI,L1_total_MPKI,L2_accesses,L2_misses,L2_MPKI,TLB_accesses,TLB_misses,TLB_miss_rate
fs_o3,log/fs_o3,28.06,28.06,0.004612,0.004612,9317019.0,13851299.0,0.672646,1.486666,941559.0,31444.0,3.3748992032752105,4332959.0,224984.0,24.14763777985212,27.522536983127328,249387.0,48401.0,5.194901931615681,5556089.0,21123.0,0.003801774953568958
fs_timing,log/fs_timing,6.36,6.36,0.006957,0.006957,7508469.0,20892803.0,0.359381,2.782565,9837286.0,5555.0,0.7398312492200474,3609044.0,114631.0,15.266893956677453,16.0067252058975,176415.0,32541.0,4.333906153171839,13465209.0,13109.0,0.0009735459731817011
se_o3,log/se_o3,73.88,73.88,0.010507,0.010507,31414506.0,31552562.0,0.995625,1.004395,4335167.0,1480.0,0.04711199342112844,9579117.0,382014.0,12.160433145120919,12.207545138542049,448792.0,80584.0,2.5651843769244693,14715372.0,31706.0,0.002154617633859341
se_timing,log/se_timing,22.15,22.15,0.02207,0.02207,31414193.0,66275318.0,0.473996,2.109724,42238379.0,890.0,0.028331143187412134,10374598.0,299815.0,9.543934488465133,9.572265631652547,449138.0,70858.0,2.2556046561501675,52613121.0,31503.0,0.0005987669881815222
