config,outdir,hostSeconds_total,hostSeconds_ROI,simSeconds_total,simSeconds_ROI,simInsts,cycles,IPC,CPI,L1I_accesses,L1I_misses,L1I_MPKI,L1D_accesses,L1D_misses,L1D_MPKI,L1_total_MPKI,L2_accesses,L2_misses,L2_MPKI,TLB_accesses,TLB_misses,TLB_miss_rate
out_timing,out_timing,104.13,46.72,151.26483000000002,0.050552,53258688.0,151808168.0,0.3508288697614742,2.850392559426173,130024908.0,2247200.0,42.19405479909682,38756748.0,1286456.0,24.154857138050417,66.34891193714724,3994272.0,777578.0,14.600021690357824,,,
out_o3,out_o3,223.06,172.69,141.679932,0.019765,44270087.0,93081844.0,0.4756038889818298,2.1025900400873394,15861564.0,2633676.0,59.491096098365475,40555553.0,2547243.0,57.538694242909436,117.02979034127492,4447368.0,1045088.0,23.607091623741333,,,
out_kvm,out_kvm,60.62,0.15,151.12832799999998,0.169234,0.0,437945373.0,,,,,,,,,,,,,,,
